# MemRadar Build-Cost Index: what the memory and storage for a PC build cost, by month
# Lines starting with # are notes, not data. pandas: read_csv(url, comment='#'). R: read.csv(url, comment.char='#'). DuckDB: a saved copy reads as is; reading from the URL needs SET force_download=true first. Spreadsheets show these lines as text rows above the data.
#
# WHAT THIS IS: one row per basket per month. total_usd is the sum of that basket's component medians. Each component column is the median retail price across the products MemRadar tracked in that spec that month, and each _n column is how many products that median was computed over. It is a shopping basket, not an index: two or three parts priced together.
#
# BASKETS: build_current = Current build: 32GB DDR5-6000 + 1TB NVMe + 2TB NVMe; build_ddr4 = DDR4 build: 32GB DDR4-3200 + 1TB NVMe. The DDR4 basket has two components, so ssd2_usd and ssd2_n are empty on its rows.
#
# THESE ARE MONTHLY PRICE LEVELS, NOT A MEASURE OF CHANGE. A change computed between two rows of this file will NOT equal the MemRadar Price Index for the same period. The Price Index compares each product with itself; this file compares whichever products were tracked in each month. For how much prices changed over a period, cite the Price Index at memradar.com/price-index/
#
# SURVIVORSHIP: the tracked catalog was assembled in July 2026, so historical rows contain only products still sold in 2026. They describe those products, not the whole market as it stood at the time.
#
# METHOD: only real price observations are used; days a product had no offer are excluded. Each product contributes one value per month (the median of its daily prices), so products observed more often do not outweigh the rest. A basket's series begins at the first month from which no component ever falls below 5 products; use the _n columns to apply a stricter bar. The current month is excluded until it is complete. Full methodology: memradar.com/methodology/
#
# REGULAR PRICE ONLY: these are the everyday listed prices. Lightning Deals, Prime-exclusive member prices and Warehouse prices are not in the data at all, so this file says nothing about what a sale offered.
#
# SOURCES: Amazon price history licensed from Keepa. These figures are medians computed by MemRadar from that history, not the raw licensed data. Newegg prices are not included: MemRadar records Newegg as a current price only and holds no Newegg history.
#
# Generated 2026-10-08. Regenerated daily.
# Source: MemRadar Build-Cost Index, memradar.com/build-cost/
basket,month,total_usd,ram_usd,ssd1_usd,ssd2_usd,ram_n,ssd1_n,ssd2_n
build_current,2023-01,453.47,179.99,90.99,182.49,8,5,8
build_current,2023-02,422.27,154.99,99.79,167.49,9,6,8
build_current,2023-03,408.87,145.99,102.88,159.99,9,6,9
build_current,2023-04,404.92,139.99,98.74,166.19,11,8,8
build_current,2023-05,378.40,120.99,96.11,161.30,12,8,10
build_current,2023-06,348.47,120.73,87.75,139.99,12,6,9
build_current,2023-07,310.25,104.99,65.27,139.99,13,8,11
build_current,2023-08,295.19,102.79,66.56,125.84,13,9,12
build_current,2023-09,307.03,101.00,72.49,133.55,12,9,10
build_current,2023-10,308.72,104.99,73.74,129.99,14,10,13
build_current,2023-11,317.41,104.99,79.99,132.43,9,11,12
build_current,2023-12,339.38,109.24,82.37,147.77,12,12,14
build_current,2024-01,362.30,114.99,87.31,159.99,13,13,15
build_current,2024-02,378.39,117.24,96.49,164.66,12,12,14
build_current,2024-03,374.13,117.10,89.07,167.95,14,12,15
build_current,2024-04,381.68,122.14,98.54,160.99,15,10,13
build_current,2024-05,364.96,115.00,87.97,161.99,13,14,13
build_current,2024-06,382.99,115.00,102.19,165.80,15,14,14
build_current,2024-07,364.23,112.99,92.25,158.99,14,15,15
build_current,2024-08,346.46,109.10,79.99,157.37,12,17,14
build_current,2024-09,342.70,107.74,82.49,152.47,16,16,16
build_current,2024-10,327.46,99.99,77.50,149.97,15,18,16
build_current,2024-11,324.97,97.99,83.99,142.99,19,17,15
build_current,2024-12,340.13,111.24,81.40,147.49,14,20,18
build_current,2025-01,351.70,113.20,87.26,151.24,17,18,14
build_current,2025-02,333.53,99.99,86.39,147.15,18,18,16
build_current,2025-03,345.17,105.99,89.21,149.97,13,19,17
build_current,2025-04,350.42,109.63,87.80,152.99,21,20,19
build_current,2025-05,326.72,102.24,79.99,144.49,18,21,16
build_current,2025-06,335.35,114.99,79.37,140.99,19,22,21
build_current,2025-07,320.22,109.24,74.98,135.99,20,22,23
build_current,2025-08,348.08,115.99,82.10,149.99,18,23,18
build_current,2025-09,321.61,119.99,72.49,129.13,20,26,21
build_current,2025-10,376.85,160.79,76.07,139.99,21,26,25
build_current,2025-11,514.19,260.49,93.71,159.99,20,28,24
build_current,2025-12,778.37,427.99,129.99,220.39,23,27,26
build_current,2026-01,884.72,439.31,157.67,287.74,22,29,26
build_current,2026-02,991.24,499.99,169.20,322.05,23,29,25
build_current,2026-03,993.08,484.99,188.99,319.10,22,28,24
build_current,2026-04,1053.61,472.35,197.18,384.08,23,25,22
build_current,2026-05,1015.19,479.99,205.63,329.56,25,24,27
build_current,2026-06,956.45,460.49,180.97,314.99,23,22,24
build_current,2026-07,961.60,484.62,176.99,299.99,26,30,27
build_current,2026-08,1023.61,504.99,178.63,339.99,25,30,27
build_current,2026-09,1065.79,532.87,184.93,347.99,25,30,26
build_ddr4,2023-01,172.10,81.11,90.99,,8,5,
build_ddr4,2023-02,177.78,77.99,99.79,,7,6,
build_ddr4,2023-03,182.85,79.97,102.88,,9,6,
build_ddr4,2023-04,161.77,63.03,98.74,,7,8,
build_ddr4,2023-05,158.83,62.72,96.11,,8,8,
build_ddr4,2023-06,151.74,63.99,87.75,,7,6,
build_ddr4,2023-07,124.26,58.99,65.27,,8,8,
build_ddr4,2023-08,125.31,58.74,66.56,,8,9,
build_ddr4,2023-09,137.38,64.89,72.49,,7,9,
build_ddr4,2023-10,138.73,64.99,73.74,,9,10,
build_ddr4,2023-11,139.98,59.99,79.99,,9,11,
build_ddr4,2023-12,153.08,70.70,82.37,,8,12,
build_ddr4,2024-01,157.31,69.99,87.31,,7,13,
build_ddr4,2024-02,166.85,70.36,96.49,,8,12,
build_ddr4,2024-03,158.31,69.25,89.07,,6,12,
build_ddr4,2024-04,167.84,69.30,98.54,,7,10,
build_ddr4,2024-05,155.96,67.99,87.97,,7,14,
build_ddr4,2024-06,171.69,69.50,102.19,,7,14,
build_ddr4,2024-07,153.99,61.74,92.25,,7,15,
build_ddr4,2024-08,140.99,61.00,79.99,,8,17,
build_ddr4,2024-09,138.48,55.99,82.49,,9,16,
build_ddr4,2024-10,131.49,53.99,77.50,,9,18,
build_ddr4,2024-11,138.96,54.97,83.99,,8,17,
build_ddr4,2024-12,132.39,50.99,81.40,,6,20,
build_ddr4,2025-01,138.50,51.24,87.26,,8,18,
build_ddr4,2025-02,138.26,51.87,86.39,,8,18,
build_ddr4,2025-03,134.20,44.99,89.21,,7,19,
build_ddr4,2025-04,136.29,48.49,87.80,,6,20,
build_ddr4,2025-05,133.98,53.99,79.99,,9,21,
build_ddr4,2025-06,141.89,62.52,79.37,,9,22,
build_ddr4,2025-07,147.75,72.77,74.98,,8,22,
build_ddr4,2025-08,161.45,79.35,82.10,,8,23,
build_ddr4,2025-09,153.48,80.99,72.49,,9,26,
build_ddr4,2025-10,191.06,114.99,76.07,,9,26,
build_ddr4,2025-11,251.54,157.83,93.71,,9,28,
build_ddr4,2025-12,322.48,192.49,129.99,,11,27,
build_ddr4,2026-01,379.25,221.59,157.67,,9,29,
build_ddr4,2026-02,410.19,240.99,169.20,,11,29,
build_ddr4,2026-03,439.11,250.12,188.99,,11,28,
build_ddr4,2026-04,429.91,232.73,197.18,,12,25,
build_ddr4,2026-05,448.62,242.99,205.63,,10,24,
build_ddr4,2026-06,397.51,216.54,180.97,,12,22,
build_ddr4,2026-07,374.08,197.09,176.99,,13,30,
build_ddr4,2026-08,387.62,208.99,178.63,,13,30,
build_ddr4,2026-09,409.92,224.99,184.93,,12,30,
