slug	bucket	readings	google_impressions	google_position	reasons
ram/16gb-1x16gb-ddr4-2666mhz-pc4-21300-2rx8	IMPROVE	78	1	59	sparse_history|percentile_extreme
ram/16gb-2x8gb-ddr5-4800mhz-pc5-38400-1rx8	DO_NOT_INDEX	77	2	44	sparse_history
ram/32gb-ddr4-3200mhz-desktop-ram-memory-kit	DO_NOT_INDEX	35	20	13.1	sparse_history|long_term_unavailable
ram/a-tech-16gb-2666mhz	IMPROVE	233	0	0	sparse_history|pre2021_history
ram/a-tech-16gb-3200mhz	IMPROVE	185	3	8	sparse_history|pre2021_history
ram/a-tech-16gb-ddr4-2400-mhz-udimm-pc4-19200	IMPROVE	212	9	8.89	sparse_history|pre2021_history|pergb_group_end
ram/a-tech-16gb-ddr4-2666-mhz-udimm-pc4-21300	IMPROVE	223	12	8.08	sparse_history|pre2021_history
ram/a-tech-16gb-ddr4-3200-mhz-sodimm-pc4-25600	IMPROVE	214	5	9.6	sparse_history|pre2021_history
ram/a-tech-16gb-ddr5-4800mhz-pc5-38400-cl40	IMPROVE	174	23	10.96	sparse_history
ram/a-tech-32gb-3200mhz	IMPROVE	209	15	12.27	sparse_history|pre2021_history
ram/a-tech-ddr4-ram-16gb-2666mhz-pc4-21300	IMPROVE	238	3	11	sparse_history|gsc_crawled_not_indexed|pre2021_history
ram/a-tech-ddr4-ram-32gb-kit-2666mhz	IMPROVE	247	11	15.36	sparse_history|pre2021_history
ram/acer-predator-vesta-ii-rgb-ddr5-ram-32gb-6000mhz	DO_NOT_INDEX	35	36	10.83	sparse_history|long_term_unavailable
ram/corsair-vengeance-ddr5-32gb-6000mhz	INDEX_NOW	124	50	11.12	sparse_history|percentile_extreme|historical_demand
ram/corsair-vengeance-ddr5-ram-16gb-5200mhz	DO_NOT_INDEX	179	19	11.58	sparse_history
ram/corsair-vengeance-ddr5-ram-16gb-6000mhz	DO_NOT_INDEX	88	45	12.31	sparse_history
ram/corsair-vengeance-ddr5-ram-32gb-6000mhz	INDEX_NOW	248	38	12.55	required_by_build|sparse_history|percentile_extreme
ram/corsair-vengeance-ddr5-ram-32gb-6000mhz-2	INDEX_NOW	188	120	11.03	sparse_history|historical_demand
ram/corsair-vengeance-ddr5-ram-32gb-6400mhz	IMPROVE	197	35	17.57	sparse_history
ram/corsair-vengeance-lpx-ddr4-ram-16gb-3200mhz	INDEX_NOW	689	9	33.22	long_history|pre2021_history
ram/corsair-vengeance-lpx-ddr4-ram-32gb-3200mhz	INDEX_NOW	728	31	17.35	long_history|pre2021_history
ram/corsair-vengeance-rgb-ddr5-32gb-6000mhz	INDEX_NOW	111	62	12.06	sparse_history|percentile_extreme|historical_demand
ram/corsair-vengeance-rgb-ddr5-ram-16gb-5200mhz	IMPROVE	205	12	14.5	sparse_history|gsc_crawled_not_indexed|percentile_extreme
ram/corsair-vengeance-rgb-ddr5-ram-32gb-6000mhz	INDEX_NOW	370	23	12.22	long_history|percentile_extreme
ram/corsair-vengeance-rgb-ddr5-ram-32gb-6000mhz-2	INDEX_NOW	355	21	11.43	long_history|percentile_extreme
ram/corsair-vengeance-rgb-ddr5-ram-32gb-6000mhz-3	IMPROVE	228	18	15.22	sparse_history
ram/corsair-vengeance-rgb-ddr5-ram-32gb-6000mhz-4	INDEX_NOW	162	342	10.19	sparse_history|historical_demand
ram/corsair-vengeance-rgb-ddr5-ram-32gb-6400mhz	IMPROVE	133	23	17.04	sparse_history
ram/corsair-vengeance-rgb-rs-ddr5-16gb-6000mhz	IMPROVE	65	13	10.08	sparse_history|percentile_extreme
ram/corsair-vengeance-rgb-rs-ddr5-32gb-6000mhz	DO_NOT_INDEX	69	35	11.94	sparse_history
ram/corsair-vengeance-rgb-rs-ddr5-ram-16gb-5200mhz	DO_NOT_INDEX	86	5	9	sparse_history
ram/corsair-vengeance-rgb-rs-ddr5-ram-16gb-6000mhz	DO_NOT_INDEX	91	5	9.8	sparse_history
ram/corsair-vengeance-rgb-rs-ddr5-ram-32gb-5600mhz	INDEX_NOW	95	175	8.97	sparse_history|historical_demand
ram/corsair-vengeance-rgb-rs-ddr5-ram-32gb-6000mhz	DO_NOT_INDEX	136	9	10.44	sparse_history
ram/corsair-vengeance-rgb-rs-ddr5-ram-64gb-6000mhz	IMPROVE	82	5	6	sparse_history|latency_distinct
ram/crucial-128gb-kit-5600mhz	INDEX_NOW	275	89	10.75	long_history|historical_demand
ram/crucial-16gb-ddr4-ram-3200mhz	INDEX_NOW	785	18	9.72	long_history|pre2021_history
ram/crucial-16gb-ddr5-ram-4800mhz	IMPROVE	512	4	16.5	long_history
ram/crucial-16gb-ddr5-ram-5600mhz	INDEX_NOW	334	40	19	long_history|percentile_extreme
ram/crucial-16gb-ddr5-ram-5600mhz-2	IMPROVE	472	17	16.35	family_duplicate|long_history
ram/crucial-32gb-ddr4-ram-kit-3200mhz	INDEX_NOW	1056	9	13.56	long_history|pre2021_history
ram/crucial-32gb-ddr4-ram-kit-3200mhz-2	IMPROVE	641	5	12.6	family_duplicate|long_history|pre2021_history
ram/crucial-32gb-ddr5-ram-kit-4800mhz	IMPROVE	612	24	18.71	long_history
ram/crucial-32gb-ddr5-ram-kit-5600mhz	INDEX_NOW	507	59	13.27	long_history|percentile_extreme|historical_demand
ram/crucial-64gb-ddr5-ram-5600mhz	INDEX_NOW	445	54	17.89	long_history|percentile_extreme|historical_demand
ram/crucial-64gb-ddr5-ram-kit-4800mhz	INDEX_NOW	629	45	14.53	long_history|percentile_extreme
ram/crucial-96gb-ddr5-5600mhz-laptop-memory	INDEX_NOW	426	15	18.2	long_history|percentile_extreme
ram/crucial-pro-64gb-ddr5-ram-kit-5600mhz	INDEX_NOW	414	38	14.45	long_history|percentile_extreme
ram/crucial-pro-ddr5-ram-64gb-kit-6400mhz	IMPROVE	297	15	21.4	long_history
ram/crucial-ram-16gb-ddr5-5200mhz	IMPROVE	243	8	12.75	sparse_history|gsc_crawled_not_indexed|percentile_extreme
ram/ddr4-ram-16gb-3200mhz	INDEX_NOW	35	101	26.38	sparse_history|historical_demand
ram/ddr4-ram-laptop-only-gigastone-32gb-kit-3200mhz	IMPROVE	190	13	20.77	sparse_history
ram/g-skill-flare-x5-series-ddr5-ram-32gb-6000mhz	INDEX_NOW	657	44	17.5	long_history|percentile_extreme
ram/g-skill-flare-x5-series-ddr5-ram-64gb-6000mhz	INDEX_NOW	193	280	13.15	sparse_history|historical_demand
ram/g-skill-ripjaws-s5-series-ddr5-ram-64gb-6000mhz	IMPROVE	184	1	10	sparse_history
ram/g-skill-ripjawsv-series-ddr4-ram-16gb-3200mhz	INDEX_NOW	1362	6	7.33	required_by_build|long_history|pre2021_history
ram/g-skill-ripjawsv-series-ddr4-ram-16gb-3200mhz-2	INDEX_NOW	2061	3	4	required_by_build|long_history|pre2021_history
ram/g-skill-ripjawsv-series-ddr4-ram-32gb-3200mhz	INDEX_NOW	1466	1	8	required_by_build|long_history|pre2021_history
ram/g-skill-trident-z-rgb-series-ddr4-ram-16gb-3600mhz	IMPROVE	183	2	23	sparse_history|percentile_extreme|pre2021_history|pergb_group_end
ram/g-skill-trident-z-rgb-series-ddr4-ram-32gb-3200mhz	INDEX_NOW	491	2	7	long_history|pre2021_history
ram/g-skill-trident-z-rgb-series-ddr4-ram-32gb-3600mhz	INDEX_NOW	391	0	0	long_history|pre2021_history|pergb_group_end
ram/g-skill-trident-z5-neo-rgb-series-ddr5-ram-32gb-6000mhz	DO_NOT_INDEX	191	9	9.33	sparse_history|duplicate_variant|percentile_extreme
ram/g-skill-trident-z5-neo-rgb-series-ddr5-ram-32gb-6000mhz-2	IMPROVE	197	2	18.5	sparse_history|percentile_extreme
ram/g-skill-trident-z5-neo-rgb-series-ddr5-ram-32gb-6000mhz-3	IMPROVE	403	4	9.25	long_history
ram/g-skill-trident-z5-neo-rgb-series-ddr5-ram-32gb-6000mhz-4	IMPROVE	126	7	14.14	sparse_history|latency_distinct
ram/g-skill-trident-z5-neo-rgb-series-ddr5-ram-64gb-6000mhz	INDEX_NOW	238	169	10.92	sparse_history|historical_demand
ram/g-skill-trident-z5-neo-rgb-series-ddr5-ram-64gb-6000mhz-2	IMPROVE	125	7	13.29	sparse_history
ram/g-skill-trident-z5-neo-rgb-series-ddr5-ram-64gb-6000mhz-3	IMPROVE	143	5	14	sparse_history
ram/g-skill-trident-z5-neo-series-ddr5-ram-64gb-6000mhz	IMPROVE	230	13	10.31	sparse_history
ram/g-skill-trident-z5-rgb-32gb-2-x-16gb	IMPROVE	322	4	12.75	long_history
ram/g-skill-trident-z5-rgb-series-ddr5-ram-16gb-6000mhz	IMPROVE	80	13	17.46	sparse_history|percentile_extreme
ram/g-skill-trident-z5-rgb-series-ddr5-ram-32gb-6000mhz	IMPROVE	238	7	12.86	sparse_history|percentile_extreme
ram/g-skill-trident-z5-rgb-series-ddr5-ram-32gb-6000mhz-2	IMPROVE	195	1	5	sparse_history|family_duplicate
ram/g-skill-trident-z5-rgb-series-ddr5-ram-32gb-6400mhz	IMPROVE	185	7	11.43	sparse_history
ram/g-skill-trident-z5-rgb-series-ddr5-ram-64gb-6000mhz	IMPROVE	228	9	8	sparse_history|percentile_extreme
ram/g-skill-trident-z5-rgb-series-ddr5-ram-64gb-6400mhz	IMPROVE	281	9	27	long_history
ram/g-skill-trident-z5-royal-neo-series-ddr5-32gb-6000mhz	IMPROVE	214	28	14.25	sparse_history|pergb_group_end|latency_distinct
ram/g-skill-trident-z5-royal-neo-series-ddr5-64gb-6000mhz	IMPROVE	115	24	17.08	sparse_history|pergb_group_end
ram/kingston-fury-beast-16gb-5200mhz	INDEX_NOW	456	9	15.56	long_history|percentile_extreme
ram/kingston-fury-beast-16gb-6000mt-s-ddr5	IMPROVE	223	8	18.5	sparse_history
ram/kingston-fury-beast-32gb-5200mhz	IMPROVE	488	12	13.58	long_history
ram/kingston-fury-beast-32gb-5600mhz	INDEX_NOW	358	14	8.36	long_history|percentile_extreme
ram/kingston-fury-beast-32gb-6000mhz	IMPROVE	325	36	12.08	long_history
ram/kingston-fury-beast-32gb-6000mt-s-ddr5	INDEX_NOW	389	11	17.18	long_history|percentile_extreme
ram/kingston-fury-beast-64gb-5600mhz	INDEX_NOW	487	15	9.93	long_history|percentile_extreme
ram/kingston-fury-beast-rgb-16gb-6000mt-s	IMPROVE	218	5	8	sparse_history|pergb_group_end
ram/kingston-fury-beast-rgb-32gb-6000mhz	IMPROVE	225	17	13.41	sparse_history
ram/kingston-fury-beast-rgb-64gb-6400mhz	IMPROVE	281	11	17.18	long_history
ram/kingston-fury-beast-rgb-8gb-6000mt-s-ddr5	IMPROVE	173	2	6.5	sparse_history
ram/kingston-fury-beast-white-rgb-32gb-5600mhz	INDEX_NOW	496	2	7	long_history|percentile_extreme
ram/kingston-fury-impact-16gb-6400mt-s-cl38	IMPROVE	350	14	15.21	long_history
ram/kingston-fury-impact-32gb-5600mhz	IMPROVE	352	8	11	long_history
ram/kingston-fury-impact-64gb-5600mhz	INDEX_NOW	456	11	14	long_history|percentile_extreme
ram/kingston-fury-renegade-white-rgb-16gb-6400mhz	INDEX_NOW	449	2	38.5	long_history|percentile_extreme
ram/kingston-fury-renegade-white-rgb-32gb-6400mhz	INDEX_NOW	461	2	5	long_history|percentile_extreme
ram/lexar-oc-ddr5-ram-1x8gb-6000mhz-cl38	IMPROVE	77	31	9.42	sparse_history|percentile_extreme
ram/lexar-thor-z-series-rgb-ddr5-ram-32gb-6000mhz	IMPROVE	79	21	9.05	sparse_history
ram/nemix-ram-16gb-2666mhz	DO_NOT_INDEX	117	3	14.67	sparse_history
ram/patriot-memory-viper-venom-ddr5-ram-16gb-6000mhz	IMPROVE	165	11	14.36	sparse_history|percentile_extreme
ram/patriot-viper-elite-5-ddr5-ram-16gb-6000mhz	IMPROVE	230	17	12.71	sparse_history|pergb_group_end
ram/patriot-viper-steel-ddr4-ram-16gb-3200mhz	INDEX_NOW	315	7	40.43	long_history|pre2021_history
ram/patriot-viper-venom-ddr5-ram-16gb-6000mhz	IMPROVE	92	29	17.1	sparse_history|percentile_extreme
ram/pro-ddr5-ram-32gb-kit-6400mhz	IMPROVE	240	28	24.61	sparse_history|percentile_extreme
ram/puskill-32gb-kit-3200mhz	DO_NOT_INDEX	85	5	9.2	sparse_history
ram/puskill-ddr4-32gb-3200mhz	DO_NOT_INDEX	95	13	15.92	sparse_history
ram/puskill-ddr4-laptop-ram-32gb-kit-3200mhz	DO_NOT_INDEX	90	15	12	sparse_history
ram/silicon-power-ddr4-16gb-kit-3200mhz	IMPROVE	187	13	9.23	sparse_history|gsc_crawled_not_indexed
ram/silicon-power-ddr5-64gb-6000mhz	DO_NOT_INDEX	11	38	17.79	below_min_readings|long_term_unavailable|pergb_group_end
ram/silicon-power-value-gaming-ddr4-ram-16gb-3200mhz	DO_NOT_INDEX	103	7	13.43	sparse_history
ram/teamgroup-elite-ddr4-32gb-kit-3200mhz	IMPROVE	351	35	13.09	long_history
ram/teamgroup-elite-sodimm-ddr5-32gb-5600mhz	INDEX_NOW	154	53	9.09	sparse_history|percentile_extreme|pergb_group_end|latency_distinct|historical_demand
ram/teamgroup-elite-sodimm-ddr5-64gb-5600mhz	IMPROVE	148	46	10.57	sparse_history|latency_distinct
ram/teamgroup-t-force-delta-rgb-ddr5-ram-32gb-6000mhz	INDEX_NOW	333	175	11.6	long_history|percentile_extreme|historical_demand
ram/teamgroup-t-force-delta-rgb-ddr5-ram-32gb-6000mhz-2	INDEX_NOW	359	123	10.25	long_history|percentile_extreme|historical_demand
ram/teamgroup-t-force-vulcan-ddr5-32gb-6000mhz	INDEX_NOW	291	70	15.21	long_history|historical_demand
ram/teamgroup-t-force-vulcan-z-ddr4-16gb-kit-3200mhz	INDEX_NOW	664	6	15.5	long_history|pre2021_history
ram/teamgroup-t-force-vulcan-z-ddr4-dram-16gb-3200mhz	INDEX_NOW	309	11	12.45	long_history|pre2021_history
ram/timetec-32gb-kit-2666mhz	INDEX_NOW	322	7	11	long_history|pre2021_history|pergb_group_end
ram/timetec-32gb-kit-3200mhz	IMPROVE	443	7	11.14	long_history
ssd/1tb-sata-ssd-2-5-ssd-sata-iii-6	IMPROVE	147	11	19.64	sparse_history|pergb_group_end
ssd/1tb-sn850p-nvme-m-2-ssd-officially	IMPROVE	540	1	9	gsc_crawled_not_indexed|long_history
ssd/500gb-optimus-5100-nvme-ssd-pcie-4-0	DO_NOT_INDEX	88	7	21.14	sparse_history
ssd/acer-predator-gm7-1tb-ssd-m-2-2280-pcie	DO_NOT_INDEX	126	9	17.11	sparse_history
ssd/acer-predator-gm7-2tb-ssd-m-2-2280-pcie	DO_NOT_INDEX	175	41	26.54	sparse_history
ssd/acer-predator-gm7-4tb-ssd-m-2-2280-pcie	IMPROVE	409	23	29.65	gsc_crawled_not_indexed|long_history
ssd/bestoss-1tb-m-2-ssd-nvme-pcie4-0-2280	DO_NOT_INDEX	104	5	8.6	sparse_history
ssd/bestoss-1tb-nvme-m-2-ssd-pcie-3-0-2280	IMPROVE	78	7	10.57	sparse_history|percentile_extreme
ssd/bestoss-2tb-m-2-ssd-nvme-pcie4-0-2280	DO_NOT_INDEX	103	5	10.2	sparse_history
ssd/bestoss-2tb-nvme-m-2-2280-ssd-with	DO_NOT_INDEX	109	22	15.64	sparse_history
ssd/bestoss-2tb-nvme-m-2-ssd-pcie-3-0-m-2	DO_NOT_INDEX	100	8	10.62	sparse_history
ssd/bestoss-2tb-sata-ssd-2-5-inch-internal	DO_NOT_INDEX	87	7	14.57	sparse_history
ssd/bestoss-m-2-2280-nvme-ssd-2tb-pcie-4-0	DO_NOT_INDEX	134	3	9	sparse_history
ssd/biwin-black-opal-nv7400-4tb-ssd-gen4x4	DO_NOT_INDEX	106	17	18.88	sparse_history
ssd/centon-2tb-ssd-internal-solid-state-drive	IMPROVE	105	7	39.86	sparse_history|pre2021_history
ssd/crucial-bx500-sata-ssd-2tb	IMPROVE	260	13	19.85	sparse_history
ssd/crucial-e100-2tb-m-2-nvme-pcie-gen4	DO_NOT_INDEX	178	6	8	sparse_history
ssd/crucial-p310-1tb-232l-micron-qlc-nand-pcie	INDEX_NOW	325	2	8.5	long_history|percentile_extreme
ssd/crucial-p310-1tb-ssd	IMPROVE	345	34	15.12	long_history
ssd/crucial-p310-2tb-ssd	IMPROVE	330	19	15.95	long_history
ssd/crucial-p310-4tb-ssd	IMPROVE	244	8	8	sparse_history
ssd/crucial-p310-500gb-ssd	IMPROVE	298	2	20.5	long_history
ssd/crucial-p510-pcie-gen5-nvme-1tb-ssd	IMPROVE	158	6	19.5	sparse_history|pergb_group_end
ssd/crucial-t500-2tb-pcie-gen4-nvme-gaming-ps5	INDEX_NOW	293	10	9.2	long_history|percentile_extreme
ssd/crucial-t500-4tb-pcie-gen4-nvme-gaming-ps5	IMPROVE	236	2	7	sparse_history
ssd/crucial-t500-pcie-gen4-nvme-1tb-ssd	INDEX_NOW	445	9	22.33	long_history|pergb_group_end
ssd/crucial-t500-pcie-gen4-nvme-4tb-ssd	IMPROVE	257	19	15.42	sparse_history
ssd/crucial-t500-pcie-gen4-nvme-500gb-ssd	INDEX_NOW	276	26	17.19	long_history|percentile_extreme
ssd/crucial-t705-pcie-gen5-nvme-1tb-ssd	IMPROVE	261	9	31.89	sparse_history
ssd/fanxiang-1tb-nvme-ssd-pcie-gen-4-gaming	DO_NOT_INDEX	143	10	18.2	sparse_history
ssd/fanxiang-1tb-nvme-ssd-pcie-gen4-m-2	DO_NOT_INDEX	134	14	11.57	sparse_history
ssd/fanxiang-2tb-nvme-ssd-pcie-gen4-m-2-ssd	DO_NOT_INDEX	139	1	10	sparse_history
ssd/fanxiang-2tb-sata-ssd-2-5-ssd-sata-iii	DO_NOT_INDEX	133	2	12.5	sparse_history
ssd/fanxiang-s501q-ssd-1tb-pcle-3-0x4	DO_NOT_INDEX	151	8	20.12	sparse_history
ssd/fanxiang-ssd-2tb-internal-solid-state	DO_NOT_INDEX	167	12	13.17	sparse_history
ssd/fikwot-fn203-m-2-sata-ssd-slc-cache-1tb	DO_NOT_INDEX	124	12	10	sparse_history
ssd/fikwot-fn955-2tb-nvme-ssd-m-2-2280-pcie	DO_NOT_INDEX	162	2	23	sparse_history
ssd/fikwot-fn960-4tb-m-2-nvme-ssd-pcie-gen4	DO_NOT_INDEX	81	6	8.5	sparse_history
ssd/fikwot-fs810-2tb-ssd	DO_NOT_INDEX	131	9	11	sparse_history
ssd/fikwot-fx815-1tb-ssd	IMPROVE	161	6	9.67	sparse_history
ssd/gigastone-m-2-ssd-1tb-pcie-4-0-nvme-ssd	DO_NOT_INDEX	118	3	8.67	sparse_history
ssd/intel-660p-series-m-2-2280-1tb-pcie-nvme	INDEX_NOW	982	0	0	long_history|pre2021_history
ssd/kingspec-2tb-2-5-inch-sata-iii-internal	IMPROVE	70	9	6.33	sparse_history
ssd/kingspec-oneboom-2tb-internal-ssd-2-5	IMPROVE	54	3	33.67	sparse_history|pergb_group_end
ssd/kingspec-ssd-1tb	DO_NOT_INDEX	124	12	8.33	sparse_history
ssd/kingston-nv3-1tb-m-2-2280-nvme-ssd	IMPROVE	201	21	19.86	sparse_history
ssd/lexar-4tb-nm790-ssd-pcie-gen4-nvme-m-2	IMPROVE	407	28	13.68	long_history
ssd/patriot-memory-p400-lite-m-2-pcie-gen-4-1tb	IMPROVE	265	5	7.8	sparse_history
ssd/pny-cs900-2tb-3d-nand-2-5-sata-iii	INDEX_NOW	684	2	6	long_history|pre2021_history
ssd/predator-m-2-ssd-2tb-gm7000-with-dram	IMPROVE	242	1	8	sparse_history
ssd/samsung-870-evo-1tb-2-5in-sata-iii	IMPROVE	184	39	8.38	sparse_history|pergb_group_end
ssd/samsung-870-evo-1tb-sata-2-5-internal	IMPROVE	450	39	5.54	long_history
ssd/samsung-870-evo-250gb-sata-2-5	IMPROVE	360	4	35	long_history
ssd/samsung-870-evo-2tb-sata-2-5-internal-ssd	DO_NOT_INDEX	160	19	20.74	sparse_history
ssd/samsung-870-evo-4tb-2-5-inch-sata-iii	INDEX_NOW	975	14	15.5	long_history|percentile_extreme
ssd/samsung-870-evo-sata-ssd-250gb-2-5	INDEX_NOW	911	24	21.12	long_history|percentile_extreme
ssd/samsung-870-evo-sata-ssd-500gb-2-5	IMPROVE	568	10	5.6	long_history
ssd/samsung-870-qvo-sata-iii-ssd-2tb-2-5	INDEX_NOW	676	2	8	long_history|pre2021_history
ssd/samsung-870-qvo-sata-iii-ssd-8tb-2-5	INDEX_NOW	1103	15	16.2	long_history|pre2021_history
ssd/samsung-960-evo-series-250gb-pcie-nvme	INDEX_NOW	890	3	24	required_by_build|long_history|percentile_extreme|pre2021_history
ssd/samsung-980-pro-ssd-with-heatsink-2tb-pcie	IMPROVE	551	8	14	long_history
ssd/samsung-990-evo-plus-ssd-2tb	IMPROVE	262	21	8.71	sparse_history
ssd/samsung-990-evo-plus-ssd-4tb	INDEX_NOW	305	27	9.74	long_history|percentile_extreme
ssd/samsung-990-pro-1tb-pcie-gen-4-0-x4	IMPROVE	227	36	25.78	sparse_history
ssd/samsung-990-pro-2tb	INDEX_NOW	286	41	11.63	required_by_build|gsc_crawled_not_indexed|long_history
ssd/samsung-990-pro-2tb-pcie-gen-4-0-x4	IMPROVE	235	10	5.7	sparse_history
ssd/samsung-990-pro-4tb-pcie-gen-4-0-x4	DO_NOT_INDEX	89	23	18.17	sparse_history
ssd/samsung-990-pro-nvme-m-2-ssd-2tb	INDEX_NOW	473	23	30.7	long_history|percentile_extreme|pergb_group_end
ssd/samsung-990-pro-ssd-2tb-nvme-m-2-pcie	INDEX_NOW	616	51	21.82	long_history|historical_demand
ssd/samsung-990-pro-w-heatsink-ssd-1tb-pcie	IMPROVE	261	4	11.75	sparse_history
ssd/samsung-990-pro-w-heatsink-ssd-2tb	IMPROVE	509	45	11.93	long_history
ssd/samsung-mz-v9p4t0b-am-990-pro-pcie-4-0-4tb	IMPROVE	204	1	4	sparse_history|pergb_group_end
ssd/samsung-mz-v9p4t0b-am-990-pro-pcie-4-0-4tb-2	DO_NOT_INDEX	119	2	5	sparse_history|family_duplicate
ssd/samsung-ssd-860-evo-2tb-2-5-inch-sata	INDEX_NOW	876	8	25.88	long_history|pre2021_history
ssd/samsung-ssd-860-pro-2tb-2-5-inch-sata	INDEX_NOW	598	12	24.17	long_history|pre2021_history|pergb_group_end
ssd/samsung-ssd-870-evo-500gb	INDEX_NOW	1003	12	12.33	long_history|percentile_extreme|pergb_group_end
ssd/samsung-ssd-870-evo-sata-iii-2-5-1tb	IMPROVE	793	11	6.27	long_history
ssd/samsung-ssd-870-evo-sata-iii-2-5-2tb	IMPROVE	655	11	9.27	long_history
ssd/samsung-ssd-870-evo-sata-iii-2-5-8tb	DO_NOT_INDEX	110	8	10.38	sparse_history
ssd/samsung-ssd-9100-pro-1tb	DO_NOT_INDEX	179	23	8	sparse_history
ssd/samsung-ssd-9100-pro-2tb	IMPROVE	248	14	15.36	sparse_history
ssd/samsung-ssd-9100-pro-4tb	IMPROVE	284	33	12.09	long_history
ssd/samsung-ssd-990-pro-1tb	IMPROVE	408	17	21.88	long_history
ssd/samsung-ssd-990-pro-4tb	IMPROVE	450	32	11.03	long_history
ssd/sandisk-ssd-plus-500gb-internal-solid	IMPROVE	112	3	31.33	sparse_history|pergb_group_end
ssd/silicon-power-1tb-nvme-m-2-pcie-gen3x4	INDEX_NOW	431	7	18.71	long_history|pre2021_history
ssd/silicon-power-2tb-nvme-m-2-pcie-gen3x4	IMPROVE	279	11	12.27	gsc_crawled_not_indexed|long_history
ssd/silicon-power-2tb-ssd-3d-nand-a55-slc	DO_NOT_INDEX	97	2	10.5	sparse_history|gsc_crawled_not_indexed
ssd/silicon-power-2tb-ud90-nvme-4-0-gen4-pcie	IMPROVE	252	10	9.3	sparse_history
ssd/silicon-power-4tb-ud90-nvme-4-0-gen4-pcie	IMPROVE	239	3	8	sparse_history
ssd/six-nvme-m-2-ssd-pcie-4-0-1tb-m-2-2280	DO_NOT_INDEX	157	24	14.83	sparse_history
ssd/six-x4000-1tb-m-2-ssd-pcie-gen3x4-nvme	DO_NOT_INDEX	88	4	8.75	sparse_history
ssd/teamgroup-qx-2tb-3d-nand-qlc-2-5-inch	IMPROVE	281	12	16.92	long_history
ssd/teamgroup-t-force-vulcan-z-2tb-slc-cache	INDEX_NOW	474	3	13.33	long_history|percentile_extreme
ssd/teamgroup-t-force-vulcan-z-2tb-slc-cache-2	IMPROVE	303	1	12	family_duplicate|long_history
ssd/timetec-1tb-ssd-nvme-pcie-gen3x4-8gb-s-m-2	IMPROVE	259	29	12.48	sparse_history|pre2021_history|pergb_group_end
ssd/ultra-3d-nand-500gb-internal-ssd-sata	IMPROVE	318	6	50.33	long_history
ssd/western-digital-2tb-wd-blue-sa510-sata	IMPROVE	628	24	9.25	long_history
ssd/western-digital-2tb-wd-green-sn350-nvme	INDEX_NOW	358	3	46.33	long_history|pergb_group_end
ssd/western-digital-4tb-wd-blue-sn5000-nvme	INDEX_NOW	293	19	17.05	long_history|pergb_group_end
ssd/western-digital-wd-black-2tb-sn770-nvme	DO_NOT_INDEX	27	40	32.2	below_min_readings|long_term_unavailable
ssd/western-digital-wd-black-sn7100-1tb-nvme	IMPROVE	303	5	17.2	long_history
ssd/western-digital-wd-black-sn7100-2tb-nvme	IMPROVE	238	21	7.67	sparse_history
ssd/western-digital-wd-black-sn7100-4tb-nvme	IMPROVE	244	15	11.8	sparse_history
ssd/western-digital-wd-black-sn770m-1tb	INDEX_NOW	427	21	21.33	long_history|pergb_group_end
ssd/western-digital-wd-black-sn8100-2tb-nvme	IMPROVE	217	12	17.92	sparse_history
ssd/western-digital-wd-black-sn8100-4tb-nvme	DO_NOT_INDEX	167	17	15.35	sparse_history
ssd/western-digital-wd-black-sn850x-1tb-nvme	IMPROVE	511	13	26.08	long_history
ssd/western-digital-wd-black-sn850x-2tb-nvme	IMPROVE	672	9	13.78	long_history
ssd/western-digital-wd-black-sn850x-2tb-nvme-2	IMPROVE	376	8	9.12	family_duplicate|long_history|percentile_extreme
ssd/western-digital-wd-black-sn850x-4tb-nvme	IMPROVE	247	2	11	sparse_history|family_duplicate
ssd/western-digital-wd-black-sn850x-4tb-nvme-2	INDEX_NOW	753	12	21.92	long_history|percentile_extreme
ssd/western-digital-wd-black-sn850x-4tb-nvme-3	IMPROVE	255	9	12.67	sparse_history|family_duplicate
ssd/western-digital-wd-black-sn850x-nvme-ssd-1tb	IMPROVE	357	18	21.22	long_history
ssd/western-digital-wd-blue-4tb-sn5100-nvme	IMPROVE	111	19	10.21	sparse_history|gsc_crawled_not_indexed
ssd/western-digital-wd-blue-sn5100-1tb-nvme	IMPROVE	182	17	30.41	sparse_history
